feature,importance
Price_Change_Pct,0.1014352575531044
BB_Position,0.09418340949648249
ATR,0.09004336333809954
Volume_Change,0.08792853245897714
MACD,0.08614585973553245
RSI,0.0837445923255624
Momentum,0.08030846193459215
Daily_Return,0.07845408253988076
Volatility,0.07792553944051242
ROC,0.0769721591442552
Volume_Ratio,0.07387748090907503
MACD_Diff,0.06898126112392614
