feature,importance
ATR,0.16528569407221863
Price_Change_Pct,0.10809543692972716
ROC,0.100370610571577
Daily_Return,0.09100498926123354
Volatility,0.08924486466242958
MACD,0.08331551555431643
MACD_Diff,0.07687302672020324
BB_Position,0.06649157220661797
RSI,0.06266857457105765
Volume_Ratio,0.057823658684243384
Momentum,0.05000297927804139
Volume_Change,0.04882307748833423
